text->audio,text->visual,audio->text,audio->visual,visual->text,visual->audio
0.027050616219639778,0.027094203978776932,0.02714693360030651,0.027060315012931824,0.026956427842378616,0.02699430100619793
0.0356060266494751,0.035780228674411774,0.03564035892486572,0.03571474552154541,0.03557407483458519,0.03588104620575905
0.00876493752002716,0.008772777393460274,0.00876552052795887,0.008773614652454853,0.008768809959292412,0.00877357367426157
0.03455454483628273,0.034433215856552124,0.03418142348527908,0.03441905230283737,0.03455275669693947,0.034530915319919586
0.03030533529818058,0.03022080287337303,0.030359966680407524,0.030125360935926437,0.030329519882798195,0.030401797965168953
0.02505292370915413,0.025082090869545937,0.025054974481463432,0.024821743369102478,0.024969125166535378,0.02508886344730854
0.030349580571055412,0.03027818351984024,0.030517272651195526,0.029986031353473663,0.030302925035357475,0.030327798798680305
0.02501438558101654,0.024986643344163895,0.024803902953863144,0.02506301738321781,0.02495974488556385,0.024936065077781677
0.03131622076034546,0.031224556267261505,0.030940957367420197,0.031631555408239365,0.031221657991409302,0.031311266124248505
0.01009870134294033,0.01011725701391697,0.01009028684347868,0.010076669976115227,0.010103225708007812,0.01008707657456398
0.023300426080822945,0.02318945713341236,0.023277001455426216,0.023409172892570496,0.02322324551641941,0.02326878160238266
0.02858308143913746,0.028606923297047615,0.028738779947161674,0.028740545734763145,0.028531786054372787,0.028533294796943665
0.016666928306221962,0.016675645485520363,0.016687508672475815,0.016628192737698555,0.016669083386659622,0.016650201752781868
0.021753225475549698,0.021655073389410973,0.02171667106449604,0.02168451063334942,0.021798348054289818,0.02172423154115677
0.024400940164923668,0.024407347664237022,0.024516824632883072,0.024481792002916336,0.024351945146918297,0.024328766390681267
0.03027142584323883,0.030253028497099876,0.030322197824716568,0.030366677790880203,0.03032802790403366,0.030386557802557945
0.01315984781831503,0.0131544703617692,0.01313730888068676,0.013197066262364388,0.01315015647560358,0.013141436502337456
0.027061646804213524,0.027040207758545876,0.02668159268796444,0.027203740552067757,0.02694932371377945,0.026973260566592216
0.0302463099360466,0.03020111657679081,0.030368272215127945,0.03034275956451893,0.030346406623721123,0.030299190431833267
0.022710077464580536,0.022715987637639046,0.022713497281074524,0.02272205799818039,0.022655770182609558,0.02274131216108799
0.023260949179530144,0.02323264442384243,0.023218410089612007,0.023334240540862083,0.023218903690576553,0.023193612694740295
0.019588759168982506,0.019557831808924675,0.019561201333999634,0.01952601782977581,0.01959962025284767,0.01959187351167202
0.018527841195464134,0.01850149966776371,0.018396269530057907,0.018489109352231026,0.018541967496275902,0.018514536321163177
0.02388640120625496,0.023861926048994064,0.023803209885954857,0.023687025532126427,0.023813197389245033,0.0238486435264349
0.024410979822278023,0.02439560741186142,0.02417137287557125,0.024273419752717018,0.024432357400655746,0.024458108469843864
0.028547225520014763,0.028604939579963684,0.02868034504354,0.028746917843818665,0.028539808467030525,0.028688479214906693
0.021291308104991913,0.021294059231877327,0.021416302770376205,0.021275898441672325,0.021269837394356728,0.02121974527835846
0.025768304243683815,0.025715354830026627,0.025600386783480644,0.025531305000185966,0.02568173222243786,0.025612501427531242
0.01612078584730625,0.01615944691002369,0.016076643019914627,0.016168711706995964,0.016139576211571693,0.016119185835123062
0.02329093962907791,0.023172130808234215,0.023238537833094597,0.02318890206515789,0.023279258981347084,0.023281605914235115
0.02169591747224331,0.021733498200774193,0.02177524007856846,0.021721698343753815,0.021703362464904785,0.021688245236873627
0.013322369195520878,0.013346202671527863,0.013343504630029202,0.01333907525986433,0.013336664997041225,0.01334186177700758
0.02778232842683792,0.02785813994705677,0.02781052142381668,0.027781039476394653,0.027892062440514565,0.027819540351629257
0.021306464448571205,0.02127811126410961,0.021368009969592094,0.02127790078520775,0.021263787522912025,0.02130306139588356
0.02374250441789627,0.023835493251681328,0.02359534241259098,0.023943673819303513,0.023792993277311325,0.023765822872519493
0.027120882645249367,0.027037078514695168,0.027213426306843758,0.026924120262265205,0.02696366421878338,0.027040936052799225
0.019256941974163055,0.01929599978029728,0.01933201402425766,0.01925966516137123,0.019235709682106972,0.019199881702661514
0.0270866509526968,0.026991143822669983,0.027040764689445496,0.027115439996123314,0.026962120085954666,0.02699814923107624
0.01960989646613598,0.0196168702095747,0.019599296152591705,0.019495069980621338,0.01959974132478237,0.019605467095971107
0.01782827265560627,0.017873698845505714,0.017858276143670082,0.01791100762784481,0.01785150356590748,0.017849687486886978
0.024990491569042206,0.02504715695977211,0.024958696216344833,0.024997694417834282,0.02498053014278412,0.024891754612326622
0.01820172742009163,0.01819188892841339,0.018078070133924484,0.018097374588251114,0.018209662288427353,0.018185947090387344
0.02777623012661934,0.027746129781007767,0.02803744003176689,0.02764209173619747,0.02774878591299057,0.027756623923778534
0.033306367695331573,0.033459290862083435,0.033353280276060104,0.03342335671186447,0.03340081498026848,0.033399298787117004
0.02079455740749836,0.020873792469501495,0.020918531343340874,0.020754272118210793,0.020855719223618507,0.020824125036597252
0.023837650194764137,0.023738082498311996,0.023781536146998405,0.023725813254714012,0.02381865307688713,0.02384905517101288
0.024979425594210625,0.024979284033179283,0.024894937872886658,0.02493777684867382,0.02500925026834011,0.025044910609722137
0.03219372779130936,0.03218943998217583,0.03226996213197708,0.032235126942396164,0.032141707837581635,0.032152291387319565
0.022678421810269356,0.02275184541940689,0.022624677047133446,0.022845353931188583,0.022739730775356293,0.022740095853805542
0.020868519321084023,0.020895661786198616,0.020959211513400078,0.020812684670090675,0.02086925134062767,0.02084648609161377
0.014689259231090546,0.01469872985035181,0.01468638051301241,0.014684880152344704,0.014707179740071297,0.014742981642484665
0.02172413468360901,0.02170102298259735,0.021702036261558533,0.021720290184020996,0.021720267832279205,0.02173691987991333
0.021281830966472626,0.021241242066025734,0.021171359345316887,0.021259624511003494,0.021263157948851585,0.021293815225362778
0.029390355572104454,0.029422946274280548,0.02919633500277996,0.02941134385764599,0.029406076297163963,0.02937055565416813
0.024365756660699844,0.024358462542295456,0.024348184466362,0.024303024634718895,0.02436441369354725,0.02435852773487568
0.024362439289689064,0.02435489371418953,0.024273568764328957,0.024378469213843346,0.02434474229812622,0.024439387023448944
0.041306715458631516,0.041592445224523544,0.04149937629699707,0.04160592332482338,0.04173415154218674,0.04161014407873154
0.029464934021234512,0.029341042041778564,0.029424559324979782,0.029628166928887367,0.029534317553043365,0.029386550188064575
0.019600054249167442,0.019605690613389015,0.019718138501048088,0.019620459526777267,0.01961527019739151,0.0196161437779665
0.029398513957858086,0.029337992891669273,0.02970176562666893,0.02911670319736004,0.029466019943356514,0.029403693974018097
0.0200334619730711,0.019994990900158882,0.019955096766352654,0.019957350566983223,0.020003732293844223,0.019980333745479584
0.020788410678505898,0.0208034198731184,0.020947666838765144,0.02074406109750271,0.020834408700466156,0.020819230005145073
0.027787085622549057,0.027781136333942413,0.02773900143802166,0.027627138420939445,0.027772072702646255,0.027777651324868202
0.020018789917230606,0.020009757950901985,0.0200535599142313,0.020116936415433884,0.020024944096803665,0.019943106919527054
0.02273876965045929,0.0226820707321167,0.022720729932188988,0.02289368025958538,0.022732729092240334,0.022730818018317223
0.03231547400355339,0.03223279118537903,0.03190457448363304,0.03233885392546654,0.03224263712763786,0.032174184918403625
0.01820499449968338,0.018203740939497948,0.018109604716300964,0.01809754967689514,0.018176928162574768,0.0181552954018116
0.02700355462729931,0.027027970179915428,0.027061790227890015,0.026912927627563477,0.02706380933523178,0.02703615091741085
0.011237576603889465,0.011238276958465576,0.011233177036046982,0.01123957522213459,0.011229892261326313,0.01123056747019291
0.022187991067767143,0.02221117541193962,0.022255174815654755,0.0221304502338171,0.022223714739084244,0.02225521020591259
0.015399946831166744,0.015372796915471554,0.015353536233305931,0.015380442142486572,0.015391065739095211,0.015358919277787209
0.027800939977169037,0.027754591777920723,0.027598116546869278,0.027842875570058823,0.02782490849494934,0.02776923030614853
0.022243695333600044,0.02220720611512661,0.022213531658053398,0.022173937410116196,0.022221697494387627,0.022218625992536545
0.01926324889063835,0.019203711301088333,0.019210726022720337,0.019255835562944412,0.019265465438365936,0.019219914451241493
0.019996216520667076,0.02001144178211689,0.020084954798221588,0.02000279538333416,0.02001482993364334,0.01997683383524418
0.01997244544327259,0.01996510848402977,0.019938357174396515,0.0200173519551754,0.01994362659752369,0.020032258704304695
0.029497290030121803,0.029432957991957664,0.029137669131159782,0.029428647831082344,0.029493650421500206,0.029483512043952942
0.024386968463659286,0.024396004155278206,0.024354996159672737,0.024294456467032433,0.024388713762164116,0.024360625073313713
0.02326940931379795,0.02316662110388279,0.023172488436102867,0.023266896605491638,0.02325444296002388,0.023230666294693947
0.035741399973630905,0.03556773439049721,0.03541121631860733,0.03572625294327736,0.03560136258602142,0.03577417507767677
0.022200245410203934,0.02228277549147606,0.02223770134150982,0.0225211251527071,0.022236287593841553,0.022188549861311913
0.03029809519648552,0.030366402119398117,0.030228523537516594,0.030428431928157806,0.030308609828352928,0.03029065765440464
0.03215052932500839,0.03229299932718277,0.03229192644357681,0.03259008005261421,0.032326702028512955,0.03222046419978142
0.024993062019348145,0.024995816871523857,0.02517055906355381,0.025039400905370712,0.02495872974395752,0.024996556341648102
0.023866213858127594,0.0237569622695446,0.023700004443526268,0.02368699386715889,0.02382214181125164,0.023788342252373695
0.021312566474080086,0.02124246396124363,0.02124105580151081,0.021223343908786774,0.021303070709109306,0.021271035075187683
0.030305853113532066,0.03037193976342678,0.030288485810160637,0.030305057764053345,0.0302595105022192,0.030308164656162262
0.023776842281222343,0.02379302866756916,0.023887930437922478,0.023751119151711464,0.023844720795750618,0.023752493783831596
0.02946547418832779,0.02944747731089592,0.029209699481725693,0.02922097221016884,0.029301008209586143,0.02933761291205883
0.021719878539443016,0.02172904647886753,0.021685676649212837,0.02187623456120491,0.02166467346251011,0.02172212302684784
0.02439337782561779,0.024479301646351814,0.024343673139810562,0.02426180988550186,0.024442369118332863,0.024334995076060295
0.023757310584187508,0.023819606751203537,0.023755572736263275,0.023887071758508682,0.02382192201912403,0.023761529475450516
0.02378171868622303,0.023810021579265594,0.023801881819963455,0.02389640361070633,0.023756101727485657,0.02385951764881611
0.022208422422409058,0.02221282757818699,0.022105535492300987,0.022256284952163696,0.022195151075720787,0.022278662770986557
0.030277935788035393,0.030334636569023132,0.030097099021077156,0.030354782938957214,0.030398335307836533,0.03028109483420849
0.005437462590634823,0.005436395760625601,0.005439133383333683,0.005435343366116285,0.0054368614219129086,0.005433328449726105
0.031180890277028084,0.03124419040977955,0.03130516782402992,0.031530991196632385,0.03138238191604614,0.03116927295923233
0.018866289407014847,0.018857568502426147,0.01885000802576542,0.0188507828861475,0.018842587247490883,0.01885944977402687
0.022213377058506012,0.022191336378455162,0.022197533398866653,0.02220713347196579,0.022224601358175278,0.022213013842701912
0.02041480503976345,0.020418362691998482,0.020364312455058098,0.020276324823498726,0.020432325080037117,0.020409557968378067
0.030309559777379036,0.03024551272392273,0.03053215704858303,0.030306318774819374,0.030343517661094666,0.030289754271507263
0.0285227932035923,0.028595929965376854,0.02845184877514839,0.02880549244582653,0.02847769670188427,0.02860310487449169
0.016664890572428703,0.01666388288140297,0.01664961874485016,0.016636386513710022,0.016701728105545044,0.016667332500219345
0.03225157782435417,0.032171182334423065,0.03239765390753746,0.03215506672859192,0.03244252875447273,0.032285504043102264
0.018519923090934753,0.01850421540439129,0.018589697778224945,0.01855950430035591,0.018514083698391914,0.01851489208638668
0.02327653206884861,0.023240575566887856,0.023483283817768097,0.02324637770652771,0.02323734574019909,0.023235846310853958
0.008763600140810013,0.008773679845035076,0.008741539902985096,0.008784017525613308,0.008776764385402203,0.008778681047260761
0.030290819704532623,0.03035234473645687,0.03047465905547142,0.030438607558608055,0.030340900644659996,0.03033152036368847
0.02565469965338707,0.025717757642269135,0.025702737271785736,0.02564460225403309,0.025697151198983192,0.02564469911158085
0.026335669681429863,0.026199141517281532,0.026342034339904785,0.026317814365029335,0.02633785270154476,0.026312267407774925
0.0321832001209259,0.0321500264108181,0.032416872680187225,0.03234072029590607,0.032349709421396255,0.03230474889278412
0.031227927654981613,0.031303904950618744,0.03100103698670864,0.0312986746430397,0.031235963106155396,0.031233467161655426
0.027701007202267647,0.02774800732731819,0.028030576184391975,0.02771911211311817,0.02775540202856064,0.027734939008951187
0.01449191477149725,0.014485395513474941,0.014505595900118351,0.014495079405605793,0.014500817283987999,0.0144821060821414
0.03438717871904373,0.03454197570681572,0.03450222313404083,0.03430629149079323,0.03442848473787308,0.0343228317797184
0.025594359263777733,0.0256368275731802,0.025793826207518578,0.025543926283717155,0.02562273107469082,0.025636017322540283
0.030216380953788757,0.030297236517071724,0.03042309731245041,0.030374227091670036,0.030325911939144135,0.030296310782432556
0.027070878073573112,0.02697962522506714,0.02701776660978794,0.0270183477550745,0.027040759101510048,0.026958497241139412
0.01639348827302456,0.016405299305915833,0.0162807609885931,0.01644403673708439,0.01637980155646801,0.01634988561272621
0.02937326207756996,0.029341408982872963,0.029388858005404472,0.0296332947909832,0.029439300298690796,0.029472529888153076
0.02500266581773758,0.025012722238898277,0.02487642504274845,0.02491924725472927,0.025022568181157112,0.024919060990214348
0.02570236474275589,0.02564261108636856,0.025860069319605827,0.025724193081259727,0.025680623948574066,0.025644181296229362
0.02323910966515541,0.023246079683303833,0.023154040798544884,0.023192040622234344,0.023251814767718315,0.023257248103618622
0.02567995712161064,0.025660710409283638,0.025732597336173058,0.025601057335734367,0.02562975138425827,0.025684811174869537
0.021753596141934395,0.0217135027050972,0.021600093692541122,0.02165108360350132,0.021791614592075348,0.02179323323071003
0.026387222111225128,0.02637561969459057,0.026535281911492348,0.026272404938936234,0.0263046957552433,0.026381589472293854
0.023794209584593773,0.023823337629437447,0.023877207189798355,0.023767676204442978,0.02386482059955597,0.023851880803704262
0.025635313242673874,0.025656701996922493,0.025557730346918106,0.02552189491689205,0.025684330612421036,0.025685163214802742
0.023256815969944,0.023207195103168488,0.023202208802103996,0.02339591458439827,0.023226508870720863,0.0232227873057127
0.02946685068309307,0.029374707490205765,0.02948102355003357,0.029617641121149063,0.029545484110713005,0.029416844248771667
0.01887240633368492,0.01891711726784706,0.01893640123307705,0.018908021971583366,0.018863018602132797,0.018843846395611763
0.027887916192412376,0.02780269645154476,0.027730891481041908,0.02798420749604702,0.02785310707986355,0.027735810726881027
0.038656849414110184,0.038339633494615555,0.038742564618587494,0.038352660834789276,0.038349103182554245,0.03834344819188118
0.019621260464191437,0.01962096616625786,0.019521614536643028,0.01965225301682949,0.019666200503706932,0.01961533911526203
0.031187018379569054,0.03126939386129379,0.031086880713701248,0.031179696321487427,0.031189804896712303,0.03121628798544407
0.03025442361831665,0.030243193730711937,0.030340315774083138,0.030303331092000008,0.030298007652163506,0.030295582488179207
0.016956252977252007,0.016948865726590157,0.016917457804083824,0.01697378419339657,0.016908764839172363,0.016930678859353065
0.02373994141817093,0.023808548226952553,0.024019351229071617,0.02373734675347805,0.023838480934500694,0.02384890243411064
0.022250603884458542,0.02220216579735279,0.022367676720023155,0.02233310416340828,0.022216174751520157,0.022209931164979935
0.021803846582770348,0.02176099456846714,0.02155112475156784,0.021750841289758682,0.021717501804232597,0.021635618060827255
0.024925973266363144,0.02501128613948822,0.024984735995531082,0.024937259033322334,0.02494383230805397,0.025028441101312637
0.030265800654888153,0.030323291197419167,0.03011820837855339,0.030327757820487022,0.030274853110313416,0.030298445373773575
0.039867933839559555,0.04005405306816101,0.04040906950831413,0.040202606469392776,0.039781421422958374,0.04008784890174866
0.023282969370484352,0.023244688287377357,0.02321862429380417,0.02343982271850109,0.023268328979611397,0.023287132382392883
0.012055122293531895,0.012041967362165451,0.012023990973830223,0.012067192234098911,0.012050126679241657,0.012048794887959957
0.020387917757034302,0.02036820538341999,0.020367907360196114,0.020361963659524918,0.020382096990942955,0.02041785418987274
0.02565220184624195,0.025630392134189606,0.02558552473783493,0.025622067973017693,0.025536157190799713,0.025616208091378212
0.0064581166952848434,0.006447762716561556,0.006458538118749857,0.006453533656895161,0.006455597467720509,0.006447931751608849
0.0346386581659317,0.03426452353596687,0.03467058017849922,0.03480019047856331,0.03447839245200157,0.03451194241642952
0.013862688094377518,0.01387430727481842,0.013907034881412983,0.013896670192480087,0.013923799619078636,0.013896569609642029
0.022742116823792458,0.022755015641450882,0.022657424211502075,0.022738296538591385,0.02270449325442314,0.022697269916534424
0.03342374786734581,0.03325361758470535,0.03339250758290291,0.033586692065000534,0.03322595730423927,0.03327564895153046
0.031196726486086845,0.031185701489448547,0.03129017725586891,0.031066928058862686,0.031305596232414246,0.03121604025363922
0.020871223881840706,0.02082190290093422,0.020880283787846565,0.0208126213401556,0.0207973662763834,0.02084934338927269
0.027000097557902336,0.027087010443210602,0.027153121307492256,0.026947669684886932,0.026979852467775345,0.02702868916094303
0.030271489173173904,0.0303843691945076,0.03000975027680397,0.030152691528201103,0.030366092920303345,0.030277196317911148
0.021280953660607338,0.021289143711328506,0.021277377381920815,0.02129415050148964,0.021268080919981003,0.021295195445418358
0.023778531700372696,0.023812253028154373,0.023865144699811935,0.023793218657374382,0.023797132074832916,0.023797884583473206
0.0233317818492651,0.02319779060781002,0.02330910414457321,0.023255614563822746,0.02327033504843712,0.023281781002879143
0.021772364154458046,0.02175614796578884,0.02172926254570484,0.021598946303129196,0.021700767800211906,0.02167690172791481
0.03332078456878662,0.03324385732412338,0.03336473926901817,0.03318418562412262,0.03323647752404213,0.03349313512444496
0.018561378121376038,0.018538637086749077,0.018463728949427605,0.01862049289047718,0.018542006611824036,0.01855485327541828
0.02443305216729641,0.024362998083233833,0.024159885942935944,0.024430328980088234,0.02433520369231701,0.02440880611538887
0.020368879660964012,0.020426450297236443,0.020353591069579124,0.020367970690131187,0.02043277770280838,0.02038697339594364
0.020846985280513763,0.020792679861187935,0.02086528018116951,0.020800914615392685,0.0208862517029047,0.020831195637583733
0.027739571407437325,0.027780678123235703,0.027796545997262,0.027937185019254684,0.02778102084994316,0.027760738506913185
0.018151648342609406,0.01816670596599579,0.018116822466254234,0.01814580336213112,0.018206872045993805,0.018215103074908257
0.020817670971155167,0.020827604457736015,0.020889785140752792,0.02071484923362732,0.02087121084332466,0.020803142338991165
0.023275218904018402,0.023250646889209747,0.023280484601855278,0.02327035367488861,0.023311946541070938,0.023312294855713844
0.01636946201324463,0.016413915902376175,0.01636463962495327,0.016499090939760208,0.016440466046333313,0.016392068937420845
0.026301061734557152,0.0262965876609087,0.026121173053979874,0.026219042018055916,0.026335833594202995,0.02629321813583374
0.02004084549844265,0.02001270465552807,0.02013578824698925,0.02011730521917343,0.02004282921552658,0.01999722793698311
0.019172273576259613,0.019199209287762642,0.019219305366277695,0.019192058593034744,0.019200868904590607,0.01926807500422001
0.027815015986561775,0.027628861367702484,0.027823245152831078,0.027918247506022453,0.027889516204595566,0.027755960822105408
0.027033459395170212,0.02699909545481205,0.02711789496243,0.02711164578795433,0.027027050033211708,0.026973452419042587
0.013874507509171963,0.0139143792912364,0.013911079615354538,0.013942236080765724,0.013883879408240318,0.013889043591916561
0.027824142947793007,0.02771000750362873,0.027649741619825363,0.02773410826921463,0.02774563618004322,0.02773214317858219
0.017840038985013962,0.01789647899568081,0.017807653173804283,0.01779375784099102,0.017844492569565773,0.017897771671414375
0.027001649141311646,0.02703169547021389,0.026902131736278534,0.026955733075737953,0.02705158293247223,0.02698417752981186
0.01612159051001072,0.01611590012907982,0.016241196542978287,0.016134193167090416,0.0161138828843832,0.016153639182448387
0.03217203915119171,0.032152723520994186,0.03211335837841034,0.031987451016902924,0.032274432480335236,0.032296571880578995
0.024997945874929428,0.024976134300231934,0.024953138083219528,0.025171663612127304,0.024988679215312004,0.024939537048339844
0.02379855141043663,0.0237582977861166,0.02382316254079342,0.023835770785808563,0.023815089836716652,0.02381362020969391
0.029464788734912872,0.029374442994594574,0.029598945751786232,0.02926539070904255,0.029373209923505783,0.02947179041802883
0.02863365039229393,0.028499195352196693,0.02859356254339218,0.028414743021130562,0.02857869677245617,0.028601473197340965
0.02560233324766159,0.025678832083940506,0.025674238801002502,0.025630252435803413,0.02561638504266739,0.02560695819556713
0.02631373144686222,0.026324907317757607,0.026241106912493706,0.026161018759012222,0.026405438780784607,0.026271311566233635
0.023816628381609917,0.02381094917654991,0.023762593045830727,0.023885497823357582,0.023805392906069756,0.023836985230445862
0.021767491474747658,0.02172241359949112,0.021794158965349197,0.02168295346200466,0.021720701828598976,0.021722888574004173
0.022719236090779305,0.022732747718691826,0.022759873420000076,0.0226633008569479,0.02274255082011223,0.0227405596524477
0.030180230736732483,0.030228551477193832,0.030455786734819412,0.030246686190366745,0.030217764899134636,0.030304504558444023
0.02508893981575966,0.024978075176477432,0.02518457919359207,0.02513786405324936,0.02504977583885193,0.02500714734196663
0.023820193484425545,0.02379583567380905,0.02391771599650383,0.023849831894040108,0.023775801062583923,0.02384498529136181
0.02633626013994217,0.026307562366127968,0.02637089043855667,0.026530034840106964,0.0262663085013628,0.026323750615119934
0.02948576584458351,0.029414689168334007,0.02959545888006687,0.029171954840421677,0.02942967787384987,0.029438676312565804
0.02220660261809826,0.022201362997293472,0.02231794409453869,0.02226443588733673,0.022258179262280464,0.022197874262928963
0.02769116498529911,0.027822041884064674,0.02777445688843727,0.027707256376743317,0.027686094865202904,0.027806377038359642
0.018208257853984833,0.018177984282374382,0.018225811421871185,0.018173109740018845,0.01813383772969246,0.01815568096935749
0.023787936195731163,0.023796474561095238,0.02407052554190159,0.023805713281035423,0.02383277751505375,0.023839492350816727
0.019241660833358765,0.01919122412800789,0.019355284050107002,0.019118022173643112,0.019219066947698593,0.019259130582213402
0.02779317833483219,0.02776232548058033,0.027785269543528557,0.02781498245894909,0.02771686017513275,0.02785462513566017
0.013895508833229542,0.013907100073993206,0.013896655291318893,0.013916361145675182,0.013902595266699791,0.013890478760004044
0.031123418360948563,0.031160984188318253,0.031233344227075577,0.03134823590517044,0.03133323788642883,0.031271807849407196
0.023747649043798447,0.02385319210588932,0.023740068078041077,0.02384457364678383,0.02372732199728489,0.023733271285891533
0.020009521394968033,0.0199678223580122,0.019984647631645203,0.020028360188007355,0.019962655380368233,0.02000678889453411
0.03027087263762951,0.030282873660326004,0.02989344671368599,0.030197111889719963,0.03024076111614704,0.030279679223895073
0.014079196378588676,0.014067118987441063,0.01401207409799099,0.014066681265830994,0.014077560044825077,0.014065274968743324
0.021805811673402786,0.021740509197115898,0.021987130865454674,0.021798204630613327,0.02167997509241104,0.0217437781393528
0.02177087403833866,0.021794656291604042,0.021812357008457184,0.021730756387114525,0.02175469510257244,0.02171202562749386
0.04008927568793297,0.03999023139476776,0.03965875878930092,0.03996580094099045,0.03991709649562836,0.03996247425675392
0.025591736659407616,0.025623135268688202,0.025587327778339386,0.025808492675423622,0.02567712403833866,0.025615539401769638
0.02498495951294899,0.025060391053557396,0.024881279096007347,0.024939851835370064,0.024967936798930168,0.025021249428391457
0.022222496569156647,0.022245528176426888,0.022246576845645905,0.022235898301005363,0.02222805842757225,0.022202782332897186
0.023320555686950684,0.023270627483725548,0.023242812603712082,0.023312978446483612,0.02317741885781288,0.023220902308821678
0.023774439468979836,0.02381519414484501,0.023741118609905243,0.023774143308401108,0.02389739640057087,0.023733481764793396
0.03223324567079544,0.032329756766557693,0.032309915870428085,0.03233407437801361,0.03214292228221893,0.032305795699357986
0.023831041529774666,0.023859569802880287,0.02385556884109974,0.02388628013432026,0.023854071274399757,0.023784730583429337
0.0232379212975502,0.023242060095071793,0.023436928167939186,0.023303667083382607,0.023261258378624916,0.023249560967087746
0.03998351842164993,0.03982673957943916,0.03983902558684349,0.03991914168000221,0.04013267159461975,0.040082190185785294
0.0196500476449728,0.019617067649960518,0.019647641107439995,0.01964743807911873,0.019635161384940147,0.019618121907114983
0.023298680782318115,0.023244405165314674,0.023367850109934807,0.023217536509037018,0.02328641153872013,0.023236775770783424
0.016663599759340286,0.0166416447609663,0.01664351485669613,0.01670662872493267,0.01671106554567814,0.016612516716122627
0.032161012291908264,0.03228825330734253,0.03226330876350403,0.03212105482816696,0.032321747392416,0.032244972884655
0.01614243909716606,0.016120700165629387,0.01614345610141754,0.01608850620687008,0.016131732612848282,0.016116496175527573
0.027051780372858047,0.026994705200195312,0.027234744280576706,0.027002476155757904,0.027120474725961685,0.027121517807245255
0.03334979712963104,0.03336925432085991,0.033313870429992676,0.03329535946249962,0.0333983339369297,0.03346665948629379
0.02496177889406681,0.024955272674560547,0.02502015046775341,0.02498701959848404,0.02508239634335041,0.025021862238645554
0.00483469245955348,0.004829356912523508,0.004839840345084667,0.004830494523048401,0.004831152502447367,0.004833134822547436
0.0212447140365839,0.021259909495711327,0.02117094025015831,0.021182265132665634,0.021242301911115646,0.02131001651287079
0.020399514585733414,0.020394688472151756,0.02035677619278431,0.020400799810886383,0.020418934524059296,0.020464442670345306
0.019279738888144493,0.019222088158130646,0.019155938178300858,0.019242744892835617,0.01924222521483898,0.019176853820681572
0.034316275268793106,0.034619275480508804,0.03431287035346031,0.03481129929423332,0.03448468819260597,0.0344419851899147
0.022233908995985985,0.02224739082157612,0.022209852933883667,0.02213934250175953,0.022220205515623093,0.02225230634212494
0.029354749247431755,0.029461007565259933,0.029343487694859505,0.02943420223891735,0.02935061790049076,0.0294567309319973
0.027834516018629074,0.02776685170829296,0.027818091213703156,0.027863232418894768,0.02773285284638405,0.0276405718177557
0.013889792375266552,0.013906856998801231,0.013865234330296516,0.013907356187701225,0.013893495313823223,0.013877606950700283
0.026292668655514717,0.026277251541614532,0.026361946016550064,0.026212645694613457,0.026324104517698288,0.026299012824892998
0.026328815147280693,0.026348967105150223,0.02624114416539669,0.026125410571694374,0.026303919032216072,0.026388801634311676
0.03569703549146652,0.035708531737327576,0.035924479365348816,0.0355299673974514,0.03564801439642906,0.03560933470726013
0.014059901237487793,0.014115842990577221,0.013992931693792343,0.01403107587248087,0.014088837429881096,0.014110900461673737
0.040024735033512115,0.04006585851311684,0.040141526609659195,0.0398799367249012,0.04009455442428589,0.04007938131690025
0.03322039544582367,0.033298589289188385,0.03344617038965225,0.0335862897336483,0.033281002193689346,0.03337149694561958
0.024962415918707848,0.02495570108294487,0.024856312200427055,0.02507285214960575,0.024995995685458183,0.025057701393961906
0.020874742418527603,0.02081305719912052,0.020794207230210304,0.020905589684844017,0.02084060199558735,0.020775724202394485
0.020844632759690285,0.020819267258048058,0.02088436670601368,0.020987121388316154,0.020797090604901314,0.020846128463745117
0.035709913820028305,0.03585892915725708,0.035968177020549774,0.03570963814854622,0.03565629944205284,0.03576000779867172
0.023763565346598625,0.023803697898983955,0.023829225450754166,0.023647814989089966,0.023751646280288696,0.023805009201169014
0.01469390094280243,0.014698505401611328,0.014703546650707722,0.014741422608494759,0.014726866967976093,0.014705762267112732
0.015853459015488625,0.015892595052719116,0.01588919572532177,0.015878641977906227,0.01588161662220955,0.015888160094618797
0.02943268045783043,0.029380133375525475,0.029485175386071205,0.029509752988815308,0.029444308951497078,0.02934788540005684
0.024403797462582588,0.024405930191278458,0.024581555277109146,0.0242094025015831,0.024416642263531685,0.024347975850105286
0.02777145616710186,0.02779179811477661,0.027693936601281166,0.02766207791864872,0.027783134952187538,0.027767222374677658
0.020379995927214622,0.020411772653460503,0.020432453602552414,0.020451899617910385,0.020367642864584923,0.020403346046805382
0.018155338242650032,0.018174629658460617,0.018254799768328667,0.01821564882993698,0.01814599521458149,0.018178723752498627
0.024989256635308266,0.025048300623893738,0.02520524524152279,0.025011539459228516,0.024966180324554443,0.02496865764260292
0.0175490602850914,0.017501618713140488,0.017640793696045876,0.017593136057257652,0.017567256465554237,0.017533231526613235
0.0313415452837944,0.03128250688314438,0.03126911073923111,0.031383030116558075,0.031155258417129517,0.031268805265426636
0.019231265410780907,0.01924682967364788,0.01920272223651409,0.019143354147672653,0.019253361970186234,0.019231878221035004
0.025013433769345284,0.025004679337143898,0.025193488225340843,0.024951525032520294,0.02505628578364849,0.025005685165524483
0.024399742484092712,0.02433588169515133,0.02452024444937706,0.024328196421265602,0.024343738332390785,0.024358568713068962
0.03339575603604317,0.0333951860666275,0.03344050422310829,0.03340395167469978,0.03316885232925415,0.03340212628245354
0.019648369401693344,0.01956549473106861,0.0196315199136734,0.019503146409988403,0.019656414166092873,0.019629616290330887
0.03031468391418457,0.030239056795835495,0.03003913350403309,0.030386777594685555,0.030361536890268326,0.030271420255303383
0.015614762902259827,0.015634316951036453,0.015528874471783638,0.015667159110307693,0.015627102926373482,0.015629490837454796
0.022245043888688087,0.02225705422461033,0.022253219038248062,0.022183088585734367,0.022233540192246437,0.02220717817544937
0.023247556760907173,0.02326050214469433,0.02319231629371643,0.02333194389939308,0.023195594549179077,0.023289987817406654
0.012041883543133736,0.01203195285052061,0.012046257965266705,0.012035805732011795,0.012039312161505222,0.01204140018671751
0.025682639330625534,0.025595225393772125,0.025574669241905212,0.025573428720235825,0.02566429041326046,0.025545476004481316
0.024921992793679237,0.024995502084493637,0.02478773705661297,0.02500081993639469,0.025037040933966637,0.02499489299952984
0.019256219267845154,0.01925044134259224,0.01917692832648754,0.019123569130897522,0.01924402266740799,0.019243845716118813
0.01883600652217865,0.018855778500437737,0.018888728693127632,0.018858160823583603,0.01887027733027935,0.01886903867125511
0.03126022592186928,0.03117404505610466,0.03128515183925629,0.03147982805967331,0.031173570081591606,0.031151749193668365
0.020029932260513306,0.01998954638838768,0.01991288550198078,0.020022930577397346,0.019998593255877495,0.020018352195620537
0.03031032718718052,0.03036346286535263,0.030248695984482765,0.03030642494559288,0.030342886224389076,0.03025973029434681
0.023285245522856712,0.023254679515957832,0.023151861503720284,0.023184262216091156,0.023269521072506905,0.023258907720446587
0.04772861301898956,0.04752384498715401,0.0475548654794693,0.047666996717453,0.04778893664479256,0.04776337370276451
0.018492836505174637,0.018506769090890884,0.018543118610978127,0.01843855157494545,0.01846195012331009,0.018526174128055573
0.02943797968327999,0.029419640079140663,0.029532119631767273,0.029282864183187485,0.029398078098893166,0.029421113431453705
0.025654522702097893,0.0255903173238039,0.02560388296842575,0.025635380297899246,0.025554951280355453,0.02564658224582672
0.021261444315314293,0.021300431340932846,0.021243412047624588,0.021304190158843994,0.021265985444188118,0.021261965855956078
0.027665402740240097,0.027849692851305008,0.027567725628614426,0.027887500822544098,0.027724124491214752,0.027737343683838844
0.02083241567015648,0.020872022956609726,0.020779497921466827,0.02073202282190323,0.020785264670848846,0.020869769155979156
0.01920183002948761,0.01923730969429016,0.019210072234272957,0.01924186572432518,0.01924416981637478,0.019210057333111763
0.022193456068634987,0.02224378101527691,0.022234806790947914,0.022198712453246117,0.02217883989214897,0.022244244813919067
0.02003309316933155,0.019993502646684647,0.020011775195598602,0.02008034847676754,0.019963013008236885,0.019987674430012703
0.017852002754807472,0.017899829894304276,0.01788821630179882,0.01781303994357586,0.01783483661711216,0.017872853204607964
0.020391982048749924,0.020406819880008698,0.020318692550063133,0.020411813631653786,0.02045983448624611,0.020399365574121475
0.01564405858516693,0.01562746800482273,0.015593275427818298,0.01560165360569954,0.01563088968396187,0.015644237399101257
0.0286403801292181,0.02864597924053669,0.028887353837490082,0.028527650982141495,0.0285320021212101,0.028607850894331932
0.02316790632903576,0.023235078901052475,0.023159345611929893,0.023320496082305908,0.02325996197760105,0.023223847150802612
0.02705126442015171,0.027029987424612045,0.027132490649819374,0.027118856087327003,0.02698291838169098,0.027037717401981354
0.020859887823462486,0.020764753222465515,0.020732566714286804,0.02078155055642128,0.020817497745156288,0.020853804424405098
0.022716665640473366,0.022720586508512497,0.02268330752849579,0.02279939316213131,0.022740330547094345,0.022747468203306198
0.02217283472418785,0.022238826379179955,0.022177666425704956,0.02205793373286724,0.022181788459420204,0.022248560562729836
0.022743936628103256,0.02268391102552414,0.02269870974123478,0.022700868546962738,0.022807691246271133,0.022707749158143997
0.02001330628991127,0.019985882565379143,0.020025188103318214,0.02005106583237648,0.02001968026161194,0.019962523132562637
0.043388787657022476,0.04335368797183037,0.04306889325380325,0.04339602217078209,0.0433005765080452,0.04375525563955307
0.01722988300025463,0.01724802888929844,0.017307352274656296,0.01721041277050972,0.017191221937537193,0.017275167629122734
0.029354115948081017,0.02942996844649315,0.029520945623517036,0.02942045032978058,0.02940131165087223,0.029411692172288895
0.027022162452340126,0.02700752764940262,0.027181340381503105,0.027128910645842552,0.027002353221178055,0.027046281844377518
0.020039331167936325,0.020010199397802353,0.020022740587592125,0.020031839609146118,0.020031500607728958,0.019984381273388863
0.02046588808298111,0.02036304958164692,0.020308369770646095,0.020388202741742134,0.02041589841246605,0.020315803587436676
0.01407682429999113,0.014098258689045906,0.01409202441573143,0.014132101088762283,0.014085463248193264,0.014065630733966827
0.01820254512131214,0.018163340166211128,0.018110448494553566,0.018166471272706985,0.018171699717640877,0.01818249188363552
0.019587459042668343,0.019643306732177734,0.01966061443090439,0.019642839208245277,0.019597874954342842,0.01957438699901104
0.037184830754995346,0.03704873099923134,0.03738737851381302,0.0371752493083477,0.036966875195503235,0.037203796207904816
0.03863351792097092,0.03834230825304985,0.03872281312942505,0.038058940321207047,0.038506314158439636,0.038590721786022186
0.026317717507481575,0.026329802349209785,0.02619394101202488,0.026315292343497276,0.026283549144864082,0.026326831430196762
0.04013873636722565,0.03992990031838417,0.03987220674753189,0.04023875668644905,0.040178291499614716,0.040037017315626144
0.015859831124544144,0.015870416536927223,0.015818079933524132,0.015960412099957466,0.015855953097343445,0.015884345397353172
0.021769100800156593,0.021781165152788162,0.021759480237960815,0.021571684628725052,0.021705834195017815,0.02171635441482067
0.010871740989387035,0.010870883241295815,0.010865666903555393,0.010844174772500992,0.010877985507249832,0.010871806181967258
0.02504272386431694,0.02502371184527874,0.02503010258078575,0.025136183947324753,0.024964800104498863,0.025059575214982033
0.013502012938261032,0.013465732336044312,0.013523545116186142,0.013508431613445282,0.01352248340845108,0.013495780527591705
0.03567953407764435,0.03574337065219879,0.035733699798583984,0.035758811980485916,0.035598184913396835,0.03573666885495186
0.02857566997408867,0.02859562449157238,0.02875230461359024,0.028632046654820442,0.028573453426361084,0.028557777404785156
0.027833161875605583,0.027792494744062424,0.02777150832116604,0.02786281891167164,0.027829665690660477,0.02775643579661846
0.019221294671297073,0.019255083054304123,0.019182011485099792,0.019216228276491165,0.01921882852911949,0.01925778016448021
0.023236729204654694,0.023231934756040573,0.0232709851115942,0.023298433050513268,0.023234577849507332,0.02328459732234478
0.02224915102124214,0.022174634039402008,0.022277742624282837,0.022342855110764503,0.02224619872868061,0.022263644263148308
0.031320154666900635,0.031054021790623665,0.031249061226844788,0.03125239163637161,0.03119630739092827,0.03128589689731598
0.01785261556506157,0.01783616654574871,0.017865212634205818,0.017853818833827972,0.017899341881275177,0.01788800209760666
0.041779935359954834,0.04154603183269501,0.04152204468846321,0.04175518825650215,0.04185843467712402,0.041483085602521896
0.021776145324110985,0.021752752363681793,0.021731803193688393,0.021685343235731125,0.0217104684561491,0.02173980511724949
0.014702728018164635,0.0147243095561862,0.014646248891949654,0.014698616228997707,0.01470295898616314,0.014704538509249687
0.029410386458039284,0.029440999031066895,0.02941490337252617,0.02933374233543873,0.029397176578640938,0.02939370833337307
0.020379511639475822,0.020385025069117546,0.020496482029557228,0.02040306106209755,0.020394286140799522,0.020402152091264725
0.02222980558872223,0.022308265790343285,0.022156355902552605,0.022159071639180183,0.022166337817907333,0.02223362773656845
0.024367710575461388,0.024385614320635796,0.02425936423242092,0.024383747950196266,0.024395737797021866,0.02438627928495407
0.02564363181591034,0.025658097118139267,0.025545107200741768,0.025693193078041077,0.02564290724694729,0.025678636506199837
0.019212273880839348,0.019265394657850266,0.01927032135426998,0.0191433634608984,0.019247794523835182,0.019225936383008957
0.02780068665742874,0.027805758640170097,0.027720363810658455,0.027758583426475525,0.02780173160135746,0.027813158929347992
0.02767089568078518,0.027772029861807823,0.027744369581341743,0.0279405377805233,0.027769513428211212,0.02783798985183239
0.02858399599790573,0.028474917635321617,0.028604930266737938,0.028655212372541428,0.028639180585741997,0.02846078760921955
0.03561387211084366,0.03569917380809784,0.035796184092760086,0.035824574530124664,0.03574148565530777,0.0357801653444767
0.035670407116413116,0.035592593252658844,0.0356704518198967,0.03559453412890434,0.03574083372950554,0.03577839955687523
0.022213343530893326,0.022201308980584145,0.022322244942188263,0.022348614409565926,0.02216927707195282,0.02218974009156227
0.018196148797869682,0.018197262659668922,0.01826867274940014,0.018202392384409904,0.01819629967212677,0.018170366063714027
0.02331465110182762,0.023198788985610008,0.023344015702605247,0.023280777037143707,0.023274097591638565,0.023304235190153122
0.021757161244750023,0.021757569164037704,0.021723169833421707,0.021752793341875076,0.021724412217736244,0.021680748090147972
0.01884874701499939,0.01887579821050167,0.018912214785814285,0.01885596662759781,0.018847066909074783,0.01894121803343296
0.013698967173695564,0.013688032515347004,0.013651138171553612,0.013697865419089794,0.013700573705136776,0.013693321496248245
0.02005225047469139,0.01995549350976944,0.02002549171447754,0.020062455907464027,0.02001909166574478,0.020014841109514236
0.017542682588100433,0.01751137338578701,0.017578506842255592,0.01755697838962078,0.017527420073747635,0.017520854249596596
0.02854781784117222,0.028484994545578957,0.028642961755394936,0.02876201458275318,0.028654763475060463,0.02862509898841381
0.026234300807118416,0.026348702609539032,0.026224268600344658,0.02628416195511818,0.026326123625040054,0.026314271613955498
0.02697688341140747,0.026992710307240486,0.026737110689282417,0.027025440707802773,0.02693583257496357,0.02698655240237713
0.023786230012774467,0.02381429821252823,0.023792685940861702,0.023881934583187103,0.023840749636292458,0.02377563714981079
0.022668592631816864,0.022700367495417595,0.022535117343068123,0.022708285599946976,0.02276473306119442,0.022723255679011345
0.030268751084804535,0.030379990115761757,0.030070800334215164,0.03034885600209236,0.030255768448114395,0.030369561165571213
0.03330632299184799,0.0333329513669014,0.033408939838409424,0.03351233899593353,0.03331698849797249,0.03336859121918678
0.021284636110067368,0.02123132534325123,0.021251248195767403,0.02109360322356224,0.021291600540280342,0.02123766392469406
0.021282194182276726,0.02130153961479664,0.02148512378334999,0.02140418440103531,0.021236523985862732,0.021288912743330002
0.02176325023174286,0.021737035363912582,0.021751239895820618,0.021782174706459045,0.021690281108021736,0.021709244698286057
0.02042003907263279,0.020414989441633224,0.020306752994656563,0.020357521250844002,0.020444033667445183,0.020434048026800156
0.01885383389890194,0.01884944923222065,0.018905647099018097,0.01893005333840847,0.018887607380747795,0.01888415776193142
0.02630048803985119,0.026371687650680542,0.026212377473711967,0.02634982205927372,0.026302093639969826,0.02625550888478756
0.03033546730875969,0.030353577807545662,0.03046787902712822,0.030283518135547638,0.03028341755270958,0.03031024895608425
0.035581931471824646,0.03566616028547287,0.03576216474175453,0.03547578677535057,0.035624440759420395,0.035548023879528046
0.032282982021570206,0.03219909965991974,0.032017890363931656,0.032193366438150406,0.032292045652866364,0.03226613625884056
0.02276591584086418,0.02275727316737175,0.02272988110780716,0.022729970514774323,0.02272166684269905,0.022769300267100334
0.02707011252641678,0.026990098878741264,0.02682841382920742,0.027134636417031288,0.02696189656853676,0.02696765959262848
0.01409231685101986,0.01408419944345951,0.0141448974609375,0.014106574468314648,0.014066364616155624,0.014090443029999733
0.02088210918009281,0.020832236856222153,0.02092897519469261,0.020877275615930557,0.020858053117990494,0.02078651823103428
0.027812857180833817,0.027789263054728508,0.027907269075512886,0.02781222201883793,0.02783913165330887,0.027810724452137947
0.025628358125686646,0.025642089545726776,0.02581804245710373,0.025687357410788536,0.02576836384832859,0.025591012090444565
0.0188765786588192,0.018841492012143135,0.018822181969881058,0.01892390474677086,0.018866267055273056,0.01887332648038864
0.04001529514789581,0.04009226709604263,0.03951149806380272,0.040037259459495544,0.03988391160964966,0.040032293647527695
0.02438024990260601,0.02437704987823963,0.02449238859117031,0.02435346320271492,0.02442023530602455,0.02438768744468689
0.030224638059735298,0.03020714782178402,0.03011188842356205,0.030214153230190277,0.03044869564473629,0.030346425250172615
0.023770038038492203,0.02378704398870468,0.02386154793202877,0.023925287649035454,0.023801397532224655,0.023814266547560692
0.020825402811169624,0.02086780220270157,0.020742466673254967,0.020852306857705116,0.020838657394051552,0.020822014659643173
0.052557989954948425,0.052298273891210556,0.05234130471944809,0.05327758565545082,0.05253075808286667,0.05246453732252121
0.03226398304104805,0.03235848248004913,0.03230530023574829,0.03218706324696541,0.03214921057224274,0.03233160823583603
0.018522080034017563,0.01852095127105713,0.01848137564957142,0.018550900742411613,0.018527010455727577,0.01850740611553192
0.021311122924089432,0.0213076863437891,0.02113330364227295,0.02116994559764862,0.021276969462633133,0.021291526034474373
0.03234793618321419,0.03229415789246559,0.03246693313121796,0.032228849828243256,0.032237567007541656,0.03219880163669586
0.020428266376256943,0.020461207255721092,0.02051774226129055,0.020466478541493416,0.02043055184185505,0.02036975510418415
0.018207868561148643,0.018222009763121605,0.018134651705622673,0.01819649338722229,0.01820978708565235,0.018200917169451714
0.02273651584982872,0.022728659212589264,0.022814063355326653,0.022806355729699135,0.02268652431666851,0.02275927923619747
0.028554700314998627,0.028537839651107788,0.028487859293818474,0.028768843039870262,0.02850791998207569,0.028547905385494232
0.02440975233912468,0.024421898648142815,0.024414872750639915,0.024396196007728577,0.02444487437605858,0.02435603179037571
0.013520303182303905,0.01350784208625555,0.013539972715079784,0.013543176464736462,0.01349922176450491,0.013502323068678379
0.01890496537089348,0.01888943649828434,0.018832799047231674,0.018894968554377556,0.01885922998189926,0.018846707418560982
0.022198498249053955,0.02222265489399433,0.02221871167421341,0.022214088588953018,0.022286493331193924,0.02226143702864647
0.02933534048497677,0.02943098358809948,0.029613006860017776,0.029336078092455864,0.029405798763036728,0.02933785505592823
0.031244145706295967,0.031142916530370712,0.031054267659783363,0.031112847849726677,0.0312916599214077,0.031149785965681076
0.02439471334218979,0.02449857071042061,0.024310128763318062,0.024478111416101456,0.02434503845870495,0.024342132732272148
0.024910474196076393,0.025003649294376373,0.02504725381731987,0.024969471618533134,0.025050029158592224,0.0249437615275383
0.02221829630434513,0.022224249318242073,0.022150786593556404,0.022139545530080795,0.02219448797404766,0.022184669971466064
0.029436085373163223,0.02945837937295437,0.029655225574970245,0.02909431792795658,0.029521632939577103,0.029453186318278313
0.026341117918491364,0.026324136182665825,0.02627277560532093,0.02629009820520878,0.026346158236265182,0.026293423026800156
0.026308389380574226,0.026326360180974007,0.02615652047097683,0.02644200436770916,0.026318393647670746,0.026345962658524513
0.021772384643554688,0.02171807363629341,0.02180730365216732,0.021856997162103653,0.02172745391726494,0.021690553054213524
0.02940601110458374,0.029363956302404404,0.029417965561151505,0.02961808629333973,0.02943427674472332,0.029361270368099213
0.02319897525012493,0.023314950987696648,0.02316630817949772,0.02318325638771057,0.023236799985170364,0.023231955245137215
0.020393332466483116,0.020367933437228203,0.02044636197388172,0.020559977740049362,0.020417336374521255,0.020405691117048264
0.024973789229989052,0.025025049224495888,0.025150397792458534,0.025083603337407112,0.024997970089316368,0.024982213973999023
0.019998306408524513,0.020008739084005356,0.020063325762748718,0.02007479779422283,0.02001524530351162,0.01994732953608036
0.026399904862046242,0.02632182277739048,0.026127256453037262,0.026286544278264046,0.026284754276275635,0.026325317099690437
0.020401492714881897,0.020422669127583504,0.020422345027327538,0.020400434732437134,0.020413359627127647,0.02036493644118309
0.01921624131500721,0.01920357346534729,0.01918291300535202,0.019220026209950447,0.0192014891654253,0.019220536574721336
0.029430542141199112,0.02947312407195568,0.029370879754424095,0.029341166839003563,0.029376178979873657,0.029496923089027405
0.020433813333511353,0.020366951823234558,0.020502429455518723,0.02037447690963745,0.020424578338861465,0.020419390872120857
0.027804085984826088,0.027834074571728706,0.027753841131925583,0.027792124077677727,0.027768701314926147,0.02782341279089451
0.004762832075357437,0.004762063268572092,0.004759231582283974,0.004759079776704311,0.004761816933751106,0.0047618611715734005
0.021227745339274406,0.02131654880940914,0.021305855363607407,0.021366704255342484,0.021296922117471695,0.021255355328321457
0.02439574897289276,0.024340836331248283,0.024336865171790123,0.024476272985339165,0.024398470297455788,0.02440587803721428
0.01722041703760624,0.017222482711076736,0.017176693305373192,0.017166506499052048,0.017261449247598648,0.017252229154109955
0.03427670896053314,0.0345819890499115,0.034417007118463516,0.03447019308805466,0.034488048404455185,0.034540362656116486
0.018482305109500885,0.018554139882326126,0.018495138734579086,0.01854977197945118,0.018516559153795242,0.018510080873966217
0.02495815046131611,0.025081872940063477,0.02497568540275097,0.024978725239634514,0.02492733858525753,0.024970773607492447
0.016403766348958015,0.016379032284021378,0.016405576840043068,0.01643163338303566,0.016399430111050606,0.01639687642455101
0.028662607073783875,0.028592439368367195,0.028407182544469833,0.02859898842871189,0.02855631895363331,0.028484376147389412
0.024988636374473572,0.02498314529657364,0.02507827617228031,0.02496139146387577,0.025059755891561508,0.025065341964364052
0.035600077360868454,0.03575289249420166,0.035693246871232986,0.03566717356443405,0.035779498517513275,0.035851046442985535
0.029439300298690796,0.029456621035933495,0.02937093935906887,0.029409360140562057,0.029425401240587234,0.02949620969593525
0.0156299639493227,0.01562329102307558,0.015583994798362255,0.0155402310192585,0.01562751829624176,0.015605006366968155
0.0070389327593147755,0.007037193048745394,0.0070417760871350765,0.007035825867205858,0.007042274810373783,0.007043533027172089
0.027768757194280624,0.02781796269118786,0.02752685546875,0.027784226462244987,0.027858009561896324,0.027804259210824966
0.023802362382411957,0.02382580377161503,0.023736996576189995,0.023799985647201538,0.023818058893084526,0.02382948249578476
0.021714281290769577,0.021775659173727036,0.021811271086335182,0.02185988798737526,0.021740082651376724,0.021692579612135887
0.026276027783751488,0.02629937045276165,0.026326565071940422,0.026232946664094925,0.026238305494189262,0.026289714500308037
0.02219761162996292,0.022175868973135948,0.022308630868792534,0.02229451574385166,0.022211989387869835,0.02221558429300785
0.028534162789583206,0.02863350138068199,0.02871357463300228,0.028721559792757034,0.02857027016580105,0.028638968244194984
0.019975123926997185,0.02001429721713066,0.019972482696175575,0.020013881847262383,0.01999610848724842,0.020037535578012466
0.021282760426402092,0.02128879725933075,0.02109421230852604,0.021297801285982132,0.021289261057972908,0.02128719352185726
0.0278488676995039,0.027660517022013664,0.0278596431016922,0.027813376858830452,0.027811551466584206,0.027854623273015022
0.02039937861263752,0.02036038041114807,0.02046377770602703,0.02040855400264263,0.020435431972146034,0.020443245768547058
0.023815110325813293,0.0237559974193573,0.023698486387729645,0.023748351261019707,0.023821014910936356,0.023809615522623062
0.024413324892520905,0.024396987631917,0.02433420531451702,0.024351656436920166,0.02440674602985382,0.024419544264674187
0.027928931638598442,0.027763715013861656,0.02774110808968544,0.027639536187052727,0.02778608351945877,0.027749989181756973
0.02621527574956417,0.02640056237578392,0.026520906016230583,0.026349656283855438,0.026313897222280502,0.026374109089374542
0.029329905286431313,0.02935360185801983,0.02929096296429634,0.029171155765652657,0.029464881867170334,0.029393741860985756
0.027800360694527626,0.02770720049738884,0.02779732272028923,0.027780532836914062,0.02772304229438305,0.027689840644598007
0.03233383595943451,0.03225373104214668,0.03222134709358215,0.03205472230911255,0.03222827613353729,0.032176002860069275
0.02386641502380371,0.02381206676363945,0.02377185970544815,0.02377723716199398,0.02381317690014839,0.02383117377758026
0.023234831169247627,0.023306071758270264,0.023184841498732567,0.023391248658299446,0.02324492484331131,0.02328755334019661
0.0356585867702961,0.035710111260414124,0.03605610504746437,0.03574731945991516,0.03559310361742973,0.035712700337171555
0.0294453427195549,0.029348595067858696,0.0292702317237854,0.029356928542256355,0.029298344627022743,0.029391055926680565
0.030367113649845123,0.030347349122166634,0.030325204133987427,0.030261456966400146,0.030328121036291122,0.030154379084706306
0.022690271958708763,0.022725583985447884,0.02273404225707054,0.022701207548379898,0.022698519751429558,0.022739695385098457
0.01958869956433773,0.0196158979088068,0.01959378458559513,0.019596997648477554,0.019637631252408028,0.019596850499510765
0.006707334890961647,0.00671028345823288,0.006721122190356255,0.006703330669552088,0.006705307401716709,0.006709872744977474
0.02626138925552368,0.026256676763296127,0.026337964460253716,0.026183389127254486,0.026376238092780113,0.026346391066908836
0.022194266319274902,0.02220931462943554,0.02240079827606678,0.022187214344739914,0.022156203165650368,0.022272855043411255
0.02278316766023636,0.02272157184779644,0.022781096398830414,0.022726677358150482,0.02269914746284485,0.022767765447497368
0.01666964590549469,0.016672451049089432,0.016690973192453384,0.01671607606112957,0.01667575165629387,0.016657967120409012
0.02441609837114811,0.02436930686235428,0.02432139404118061,0.024327503517270088,0.024419017136096954,0.024429161101579666
0.03565172851085663,0.03569481149315834,0.03590491786599159,0.03604855015873909,0.035761184990406036,0.03560253605246544
0.033332642167806625,0.03341421112418175,0.03325292840600014,0.033224303275346756,0.03329961374402046,0.033457256853580475
0.012174604460597038,0.0121923154219985,0.0122145377099514,0.012155403383076191,0.012184558436274529,0.012212925590574741
0.03021290712058544,0.03022031858563423,0.030240744352340698,0.030331838876008987,0.03034808486700058,0.030307654291391373
0.01852261833846569,0.0184364952147007,0.01855657435953617,0.01847286894917488,0.01849144883453846,0.01849368028342724
0.018168337643146515,0.018187610432505608,0.018188340589404106,0.018169961869716644,0.018155531957745552,0.018129700794816017
0.026333609595894814,0.026271479204297066,0.026133064180612564,0.026327230036258698,0.026314467191696167,0.02624889463186264
0.024423247203230858,0.024385448545217514,0.024483054876327515,0.024353021755814552,0.02433427982032299,0.024412326514720917
0.02946520410478115,0.02938712202012539,0.02950870431959629,0.029636137187480927,0.02952638454735279,0.02940484881401062
0.026329567655920982,0.026174845173954964,0.026327768340706825,0.02643217332661152,0.0263146311044693,0.026321090757846832
0.040120139718055725,0.03991491720080376,0.03960276395082474,0.04038315266370773,0.040072593837976456,0.04007219150662422
0.021320967003703117,0.021246178075671196,0.021238142624497414,0.021165885031223297,0.021280111744999886,0.021312693133950233
0.022723352536559105,0.022684622555971146,0.022799350321292877,0.022884899750351906,0.02276296727359295,0.022733328863978386
0.026996217668056488,0.02703693136572838,0.026846090331673622,0.02711593173444271,0.02706664614379406,0.027006160467863083
0.018556470051407814,0.018526501953601837,0.018430009484291077,0.018472915515303612,0.01858578249812126,0.01851721666753292
0.03124588169157505,0.031277745962142944,0.03106478601694107,0.03133367374539375,0.03119775652885437,0.031225144863128662
0.02176043577492237,0.02168709598481655,0.02174030989408493,0.02179596573114395,0.021784314885735512,0.02175408974289894
0.028579117730259895,0.02853996492922306,0.028757458552718163,0.028460631147027016,0.028643250465393066,0.028519608080387115
0.018882926553487778,0.018847960978746414,0.018883397802710533,0.01889065094292164,0.018856167793273926,0.01880117692053318
0.02083706483244896,0.02078978903591633,0.020864080637693405,0.020786385983228683,0.020756511017680168,0.020821306854486465
0.03124399483203888,0.03132230043411255,0.031100492924451828,0.031193554401397705,0.03124355711042881,0.031255871057510376
0.020379038527607918,0.020459605380892754,0.02030130662024021,0.02033536694943905,0.020389094948768616,0.02042843960225582
0.03697701543569565,0.03705177083611488,0.0372462160885334,0.03663449361920357,0.03697574883699417,0.03707846626639366
0.01882423833012581,0.018924305215477943,0.01894363947212696,0.018924837931990623,0.018857372924685478,0.018829233944416046
0.023776520043611526,0.023853294551372528,0.023734156042337418,0.02394331991672516,0.023789335042238235,0.023889629170298576
0.028496524319052696,0.028613919392228127,0.02854575589299202,0.0284799225628376,0.028524499386548996,0.028546255081892014
0.010754574090242386,0.010752866044640541,0.010740982368588448,0.010731647722423077,0.010752551257610321,0.010745586827397346
0.01887797750532627,0.018874041736125946,0.01882920414209366,0.018870295956730843,0.018909793347120285,0.018893852829933167
0.02326953411102295,0.02324983850121498,0.023238515481352806,0.023211782798171043,0.023264490067958832,0.023247722536325455
0.020005425438284874,0.019971493631601334,0.019967705011367798,0.020040225237607956,0.01997104473412037,0.019978607073426247
0.015618784353137016,0.015594929456710815,0.01565863937139511,0.01564725488424301,0.01563115045428276,0.01559048518538475
0.03217604011297226,0.032268278300762177,0.03239772841334343,0.03208098188042641,0.03220919892191887,0.032298773527145386
0.0217216107994318,0.021720539778470993,0.021812601014971733,0.02175969071686268,0.02174854651093483,0.021707408130168915
0.034454312175512314,0.03445222228765488,0.03457231447100639,0.03446121886372566,0.03450101241469383,0.03451569005846977
0.016987394541502,0.01693686842918396,0.016940142959356308,0.01695135049521923,0.016967153176665306,0.01697024703025818
0.02439560741186142,0.024455878883600235,0.024552933871746063,0.02448880299925804,0.024372084066271782,0.024423938244581223
0.02861032821238041,0.02862265519797802,0.02852943353354931,0.028605280444025993,0.028517095372080803,0.02854650467634201
0.02038908563554287,0.020419204607605934,0.020485585555434227,0.02033093199133873,0.02044459991157055,0.020381974056363106
0.02849680371582508,0.028490986675024033,0.02880224771797657,0.0286476481705904,0.0285665150731802,0.028572583571076393
0.02086242102086544,0.0208502858877182,0.020847652107477188,0.02082550898194313,0.020830407738685608,0.02084825374186039
0.019983014091849327,0.020027490332722664,0.02002011053264141,0.019961442798376083,0.020011330023407936,0.020003531128168106
0.020817231386899948,0.02081421948969364,0.020870665088295937,0.02071262337267399,0.020801329985260963,0.02076825313270092
0.020388416945934296,0.020419470965862274,0.020265359431505203,0.020439274609088898,0.0203737523406744,0.02038988098502159
0.023834412917494774,0.023829009383916855,0.02382069081068039,0.02386409416794777,0.023830024525523186,0.023793339729309082
0.025625091046094894,0.02565758302807808,0.025730041787028313,0.025676701217889786,0.02562551200389862,0.025681328028440475
0.017243847250938416,0.01723567768931389,0.017188070341944695,0.017169231548905373,0.01728208176791668,0.01722327433526516
0.025657042860984802,0.02566838450729847,0.025728927925229073,0.025545436888933182,0.025623954832553864,0.02560669369995594
0.031335197389125824,0.03123876452445984,0.03127192705869675,0.03107777051627636,0.031229624524712563,0.03128022700548172
0.023784421384334564,0.023816201835870743,0.023767966777086258,0.02392897754907608,0.023803317919373512,0.02383415587246418
0.022156277671456337,0.02227802947163582,0.022278981283307076,0.022128591313958168,0.022212419658899307,0.022212347015738487
0.023255158215761185,0.0232290867716074,0.023371731862425804,0.023287400603294373,0.023275157436728477,0.023247675970196724
0.023180535063147545,0.023354001343250275,0.023171843960881233,0.02336646057665348,0.023267652839422226,0.023188641294836998
0.014488255605101585,0.01450777892023325,0.014545321464538574,0.014508177526295185,0.014484703540802002,0.014509578235447407
0.025675155222415924,0.02563704177737236,0.02568409964442253,0.02563750371336937,0.025568321347236633,0.025657599791884422
0.011111799627542496,0.011106671765446663,0.011078882962465286,0.011125410906970501,0.01112348772585392,0.01111705880612135
0.03340230509638786,0.033422596752643585,0.033702552318573,0.03345581889152527,0.0334014929831028,0.033416103571653366
0.03025994822382927,0.03024151176214218,0.030346887186169624,0.030251910910010338,0.03023623302578926,0.0302957221865654
0.014263895340263844,0.014274771325290203,0.014251699671149254,0.014312922023236752,0.014278627932071686,0.014265678822994232
0.019635343924164772,0.01959659345448017,0.019630957394838333,0.01965998113155365,0.01958371140062809,0.01960146240890026
0.022714903578162193,0.022769704461097717,0.022786490619182587,0.02271849848330021,0.02274337410926819,0.02279793843626976
0.023236749693751335,0.023312591016292572,0.023363515734672546,0.023173334077000618,0.023237062618136406,0.023233763873577118
0.030395276844501495,0.030284451320767403,0.030414892360568047,0.03043496422469616,0.03035372495651245,0.03035961277782917
0.020857078954577446,0.020835597068071365,0.020925844088196754,0.020876390859484673,0.02081710286438465,0.020836342126131058
0.016413219273090363,0.01636294461786747,0.016408273950219154,0.016376543790102005,0.016402140259742737,0.01641092449426651
0.023782672360539436,0.023817742243409157,0.023790594190359116,0.02371845580637455,0.023856958374381065,0.02386539988219738
0.016911661252379417,0.016923874616622925,0.017017021775245667,0.017008963972330093,0.01692795567214489,0.01694720983505249
0.034372881054878235,0.034629739820957184,0.03480961173772812,0.03434537351131439,0.03463936969637871,0.03444631025195122
0.025727178901433945,0.025566428899765015,0.02556457184255123,0.02556346356868744,0.025560112670063972,0.025748101994395256
0.027761703357100487,0.027803415432572365,0.027816828340291977,0.02787814289331436,0.027759699150919914,0.027789440006017685
0.028587957844138145,0.02862275019288063,0.028749261051416397,0.02850506827235222,0.028510894626379013,0.028559962287545204
0.027083439752459526,0.02702302858233452,0.026965850964188576,0.027130890637636185,0.026958273723721504,0.027048517018556595
0.01787489280104637,0.017830925062298775,0.017849909141659737,0.017845507711172104,0.01789221167564392,0.017841748893260956
0.045458946377038956,0.04525791481137276,0.04555043950676918,0.045337870717048645,0.045010920614004135,0.045309387147426605
